ano,NDVI,NDWI,EVI
2026,0.2606414236188357,-0.26035860086867046,1.6741563936543002
